<?xml version="1.0" encoding="UTF-8"?>
<updates>
    <update>
        <name>plg_j2store_payment_concordpay</name>
        <description>PLG_J2STORE_PAYMENT_CONCORDPAY_XML_DESCRIPTION</description>
        <type>plugin</type>
        <element>concordpay</element>
        <folder>j2store</folder>
        <client>0</client>
        <version>1.0.0</version>
        <infourl title="ConcordPay">https://concordpay.concord.ua</infourl>
        <downloads>
            <downloadurl type="full" format="zip">https://github.com/webdevconcord/joomla-j2store/raw/master/package/plg_j2store_payment_concordpay_1.0.0.zip</downloadurl>
        </downloads>
        <tags>
            <tag>stable</tag>
        </tags>
        <maintainer>ConcordPay</maintainer>
        <maintainerurl>https://concordpay.concord.ua</maintainerurl>
        <section>Updates</section>
        <targetplatform name="joomla" version="3.[0123456789]"/>
    </update>
</updates>